{"cameraMode":{"drawMode":0,"name":"Shaded","section":"Shading Mode"},"sceneLighting":true,"audioPlay":false,"sceneViewState":{"showFog":true,"showMaterialUpdate":false,"showSkybox":true,"showFlares":true,"showImageEffects":true,"showParticleSystems":true},"in2DMode":false,"pivot":{"x":-6.9839091300964359,"y":17.433216094970704,"z":5.950519561767578},"rotation":{"x":0.0014980509877204896,"y":-0.05097787082195282,"z":0.00007644949073437601,"w":0.998699426651001},"size":28.480722427368165,"orthographic":false}